"RegionName","CBSA Title","SizeRankMetro","SaleToListPrice","PctPriceCut","DaysOnMarket","BuyerSellerIndex"
"New York","New York-Northern New Jersey-Long Island, NY-NJ-PA",1,0.9724,33.132,159,6.45962732919255
"Los Angeles","Los Angeles-Long Beach-Santa Ana, CA",2,0.9915,35.5025,84,1.30434782608696
"Chicago","Chicago-Naperville-Joliet, IL-IN-WI",3,0.9708,43.9413,121,7.70186335403727
"Dallas-Fort Worth","Dallas-Fort Worth-Arlington, TX",4,0.9852,31.0721,79,0.807453416149068
"Philadelphia","Philadelphia-Camden-Wilmington, PA-NJ-DE-MD",5,0.9723,47.0077,126,7.95031055900621
"Washington","Washington-Arlington-Alexandria, DC-VA-MD-WV",6,0.9933,40.9968,91,2.11180124223602
"Miami-Fort Lauderdale","Miami-Fort Lauderdale-Pompano Beach, FL",7,0.9627,28.9437,126,4.03726708074534
"Atlanta","Atlanta-Sandy Springs-Marietta, GA",8,0.9788,35.0656,113,3.1055900621118
"Boston","Boston-Cambridge-Quincy, MA-NH",9,0.9871,40.0096,99,2.73291925465838
"San Francisco","San Francisco-Oakland-Fremont, CA",10,1.0168,22.5185,51,0.124223602484472
"Detroit","Detroit-Warren-Livonia, MI",11,0.9767,43.156,108,5.59006211180124
"Riverside","Riverside-San Bernardino-Ontario, CA",12,0.9907,33.9262,98,1.18012422360248
"Phoenix","Phoenix-Mesa-Scottsdale, AZ",13,0.9793,45.0775,100.5,4.96894409937888
"Seattle","Seattle-Tacoma-Bellevue, WA",14,1,33.4937,86,0.745341614906832
"Minneapolis-St Paul","Minneapolis-St. Paul-Bloomington, MN-WI",15,0.9895,45.6014,113,3.85093167701863
"San Diego","San Diego-Carlsbad-San Marcos, CA",16,0.9818,41.7348,82,3.41614906832298
"St. Louis","St. Louis, MO-IL",17,0.9822,44.7823,114,4.90683229813665
"Tampa","Tampa-St. Petersburg-Clearwater, FL",18,0.9682,38.1211,121,6.70807453416149
"Baltimore","Baltimore-Towson, MD",19,0.9844,45.9756,125,5.21739130434783
"Denver","Denver-Aurora, CO",20,1,35.0298,74,0.869565217391304
"Pittsburgh","Pittsburgh, PA",21,0.9709,40.3781,128,7.26708074534162
"Portland","Portland-Vancouver-Beaverton, OR-WA",22,0.9981,38.866,95,1.80124223602484
"Sacramento","Sacramento--Arden-Arcade--Roseville, CA",23,0.9912,35.1346,95,1.5527950310559
"Orlando","Orlando-Kissimmee, FL",24,0.9742,36.875,119,4.34782608695652
"Cincinnati","Cincinnati-Middletown, OH-KY-IN",25,0.9691,38.2184,120,6.39751552795031
"Cleveland","Cleveland-Elyria-Mentor, OH",26,0.9641,42.3048,127,8.63354037267081
"Las Vegas","Las Vegas-Paradise, NV",27,0.9887,31.2292,116,1.24223602484472
"San Jose","San Jose-Sunnyvale-Santa Clara, CA",28,1.0195,20.6903,46,0.062111801242236
"Columbus","Columbus, OH",29,0.9816,39.4072,115,3.66459627329193
"Charlotte","Charlotte-Gastonia-Concord, NC-SC",30,0.976,31.3539,115,2.2360248447205
"Virginia Beach","Virginia Beach-Norfolk-Newport News, VA-NC",31,0.9831,39.8879,119,3.72670807453416
"Providence","Providence-New Bedford-Fall River, RI-MA",32,0.9693,43.0712,141,9.06832298136646
"Nashville","Nashville-Davidson--Murfreesboro--Franklin, TN",33,0.9841,31.4473,107.5,1.49068322981366
"Milwaukee","Milwaukee-Waukesha-West Allis, WI",34,0.9727,45.7836,127,7.82608695652174
"Jacksonville","Jacksonville, FL",35,0.9714,38.5611,124,6.14906832298137
"Memphis","Memphis, TN-MS-AR",36,0.9748,35.8313,126,4.53416149068323
"Richmond","Richmond, VA",37,0.9836,36.7188,100,2.17391304347826
"Oklahoma City","Oklahoma City, OK",38,0.9822,37.054,104,2.60869565217391
"Hartford","Hartford-West Hartford-East Hartford, CT",39,0.9701,49.1854,131,8.75776397515528
"New Orleans","New Orleans-Metairie-Kenner, LA",40,0.9697,33.747,164,7.7639751552795
"Raleigh","Raleigh-Cary, NC",41,0.983,35.7982,103.5,1.98757763975155
"Rochester","Rochester, NY",42,0.9796,44.19,140,7.57763975155279
"Tucson","Tucson, AZ",43,0.9763,41.4842,117,5.83850931677019
"Honolulu","Honolulu, HI",44,0.9966,23.7448,84,0.186335403726708
"Tulsa","Tulsa, OK",45,0.9779,38.424,123,4.6583850931677
"Fresno","Fresno, CA",46,0.9907,36.0953,96,1.67701863354037
"Stamford","Bridgeport-Stamford-Norwalk, CT",47,0.9644,45.3066,138,9.25465838509317
"Albany","Albany-Schenectady-Troy, NY",48,0.978,47.4846,157.5,8.81987577639751
"New Haven","New Haven-Milford, CT",49,0.9593,47.7903,145,9.62732919254658
"Dayton","Dayton, OH",50,0.9692,46.5913,135,9.00621118012422
"Bakersfield","Bakersfield, CA",51,0.9924,34.746,100,1.36645962732919
"Ventura","Oxnard-Thousand Oaks-Ventura, CA",52,0.9876,38.4793,83,1.92546583850932
"Allentown","Allentown-Bethlehem-Easton, PA-NJ",53,0.9733,45.5414,134,8.19875776397516
"Worcester","Worcester, MA",54,0.9774,47.7419,121,6.83229813664596
"Grand Rapids","Grand Rapids-Wyoming, MI",55,0.9797,43.4755,113,5.27950310559006
"Columbia","Columbia, SC",56,0.9709,38.8608,146,8.13664596273292
"Greensboro","Greensboro-High Point, NC",57,0.9684,38.2183,140,8.07453416149068
"Akron","Akron, OH",58,0.9697,41.1015,121,7.32919254658385
"Sarasota","Bradenton-Sarasota-Venice, FL",59,0.962,32.7255,121,5.03105590062112
"Little Rock","Little Rock-North Little Rock-Conway, AR",60,0.9707,38.154,132,6.95652173913043
"Knoxville","Knoxville, TN",61,0.9593,38.0718,132,8.26086956521739
"Springfield","Springfield, MA",62,0.972,50.3767,133,8.57142857142857
"Stockton","Stockton, CA",63,0.9998,28.6143,90,0.372670807453416
"Poughkeepsie","Poughkeepsie-Newburgh-Middletown, NY",64,0.9643,42.5085,223,9.93788819875776
"Charleston","Charleston-North Charleston-Summerville, SC",65,0.974,29.2353,134,3.22981366459627
"Toledo","Toledo, OH",66,0.9633,39.3174,120,7.63975155279503
"Colorado Springs","Colorado Springs, CO",67,0.9869,42.5775,108,3.54037267080745
"Greenville","Greenville-Mauldin-Easley, SC",68,0.9729,34.6279,133,4.84472049689441
"Fort Myers","Cape Coral-Fort Myers, FL",69,0.9641,28.702,130,4.16149068322981
"Lakeland","Lakeland-Winter Haven, FL",70,0.9724,33.4241,128,4.09937888198758
"Des Moines","Des Moines-West Des Moines, IA",71,0.981,39.28,123,4.40993788819876
"Madison","Madison, WI",72,0.9803,40.851,113.5,4.47204968944099
"Augusta","Augusta-Richmond County, GA-SC",73,0.9704,30.9252,158,6.02484472049689
"Melbourne","Palm Bay-Melbourne-Titusville, FL",74,0.9666,35.5993,119,5.71428571428571
"Lancaster","Lancaster, PA",75,0.9799,41.8714,131,6.2111801242236
"Modesto","Modesto, CA",76,1,29.8615,83,0.31055900621118
"Durham","Durham, NC",77,0.9789,40.1353,111,4.28571428571429
"Daytona Beach","Deltona-Daytona Beach-Ormond Beach, FL",78,0.9617,36.5964,126,7.08074534161491
"Santa Rosa","Santa Rosa-Petaluma, CA",79,1,33.1923,63,0.62111801242236
"Winston-Salem","Winston-Salem, NC",80,0.9671,39.1215,150,8.88198757763975
"Spokane","Spokane, WA",81,0.9897,45.742,128,4.78260869565217
"Lansing","Lansing-East Lansing, MI",82,0.9751,44.1056,141,8.32298136645963
"Pensacola","Pensacola-Ferry Pass-Brent, FL",83,0.971,38.5149,145,7.88819875776398
"Visalia","Visalia-Porterville, CA",84,0.9826,37.3784,100,2.4223602484472
"York","York-Hanover, PA",85,0.9776,39.4611,135,6.27329192546584
"Reno","Reno-Sparks, NV",86,0.984,37.2022,103.5,2.29813664596273
"Port St. Lucie","Port St. Lucie, FL",87,0.9653,30.1358,128,4.22360248447205
"Santa Barbara","Santa Barbara-Santa Maria-Goleta, CA",88,0.9887,33.1633,83,1.05590062111801
"Salinas","Salinas, CA",89,0.9807,26.5957,97,0.993788819875776
"Vallejo","Vallejo-Fairfield, CA",90,1,34.9147,70,0.93167701863354
"Mobile","Mobile, AL",91,0.9673,33.2406,153.5,7.39130434782609
"Canton","Canton-Massillon, OH",92,0.9728,40.0135,115,5.65217391304348
"Manchester","Manchester-Nashua, NH",93,0.9848,43.0065,111,3.7888198757764
"Salem","Salem, OR",94,0.9901,37.604,125,2.91925465838509
"Tallahassee","Tallahassee, FL",95,0.973,37.1843,135,6.08695652173913
"Fayetteville","Fayetteville, NC",96,0.978,38.2997,143,6.33540372670807
"Eugene","Eugene-Springfield, OR",97,0.9852,40.8205,115,3.60248447204969
"Rockford","Rockford, IL",98,0.9652,48.7144,136,9.3167701863354
"Ann Arbor","Ann Arbor, MI",99,0.9895,36.0656,100,1.73913043478261
"Ocala","Ocala, FL",100,0.9602,31.8862,141,6.58385093167702
"Kalamazoo","Kalamazoo-Portage, MI",101,0.9732,44.3724,139,8.50931677018634
"Naples","Naples-Marco Island, FL",102,0.9564,23.4824,138,4.72049689440994
"Green Bay","Green Bay, WI",103,0.975,38.9846,138,6.77018633540373
"Lincoln","Lincoln, NE",104,0.9799,36.1579,111,3.16770186335404
"Fort Collins","Fort Collins-Loveland, CO",105,0.996,29.6839,97,0.434782608695652
"Boulder","Boulder, CO",106,0.9953,33.1883,76,0.683229813664596
"Spartanburg","Spartanburg, SC",107,0.9704,37.7694,159,8.69565217391304
"Atlantic City","Atlantic City-Hammonton, NJ",108,0.9477,36.9794,173.5,9.50310559006211
"New London","Norwich-New London, CT",109,0.953,47.0325,162,9.87577639751553
"San Luis Obispo","San Luis Obispo-Paso Robles, CA",110,0.9815,37.2559,104,2.98136645962733
"Gainesville","Gainesville, FL",111,0.9623,36.6151,124,6.8944099378882
"Santa Cruz","Santa Cruz-Watsonville, CA",112,1,29.572,79,0.248447204968944
"Cedar Rapids","Cedar Rapids, IA",113,0.9773,42.9855,137,7.51552795031056
"Merced","Merced, CA",114,0.9917,29.6386,103,0.559006211180124
"Olympia","Olympia, WA",115,0.9902,38.5031,115,2.48447204968944
"Binghamton","Binghamton, NY",116,0.9652,48.5601,198,10
"Bremerton","Bremerton-Silverdale, WA",117,0.992,38.8249,125,3.04347826086957
"Yakima","Yakima, WA",118,0.9814,35.6615,151,5.15527950310559
"Champaign-Urbana","Champaign-Urbana, IL",119,0.9674,45.9732,148,9.37888198757764
"Chico","Chico, CA",120,0.9843,38.2813,106,2.79503105590062
"Cape Cod","Barnstable Town, MA",121,0.9584,38.4888,171,9.56521739130435
"Prescott","Prescott, AZ",122,0.9755,36.3793,119.5,3.97515527950311
"Medford","Medford, OR",123,0.9824,38.6151,113.5,3.29192546583851
"Bellingham","Bellingham, WA",124,0.9819,40.3564,133,5.40372670807453
"Johnson City","Johnson City, TN",125,0.9588,39.3667,160,9.44099378881988
"Yuma","Yuma, AZ",126,0.9771,31.0615,125,2.67080745341615
"Anderson","Anderson, SC",127,0.9559,36.1365,159,9.1304347826087
"Hilo","Hilo, HI",128,0.9694,26.6299,119.5,2.85714285714286
"Destin","Fort Walton Beach-Crestview-Destin, FL",129,0.9717,39.5897,117,5.96273291925466
"Gainesville","Gainesville, GA",130,0.9736,38.3072,138,6.64596273291925
"Jacksonville","Jacksonville, NC",131,0.9812,32.7312,142,3.47826086956522
"Redding","Redding, CA",132,0.9845,43.8455,108,3.91304347826087
"El Centro","El Centro, CA",133,0.9897,28.1407,97.5,0.496894409937888
"Muskegon","Muskegon-Norton Shores, MI",134,0.9702,37.189,139,7.45341614906832
"Panama City","Panama City-Lynn Haven, FL",135,0.9559,33.1586,135,7.01863354037267
"Yuba City","Yuba City, CA",136,0.9953,36.8254,86,1.61490683229814
"Punta Gorda","Punta Gorda, FL",137,0.9536,30.4603,132,5.77639751552795
"Pueblo","Pueblo, CO",138,0.9805,42.3755,123.5,5.52795031055901
"Bend","Bend, OR",139,0.9861,37.8074,113,2.54658385093168
"Kahului","Kahului-Wailuku, HI",140,0.9529,27.953,141.5,5.90062111801242
"State College","State College, PA",141,0.9786,37.7336,102,3.35403726708075
"Hanford","Hanford-Corcoran, CA",142,0.9839,28.3077,120,1.42857142857143
"Burlington","Burlington, NC",143,0.9715,34.8358,155,7.14285714285714
"Madera","Madera, CA",144,0.9862,37.0089,114,2.36024844720497
"Grand Junction","Grand Junction, CO",145,0.9803,40.7659,115,4.59627329192547
"Springfield","Springfield, OH",146,0.9711,39.5753,147,8.4472049689441
"Vero Beach","Sebastian-Vero Beach, FL",147,0.9599,27.6179,139,5.09316770186335
"Morristown","Morristown, TN",148,0.9528,31.6528,197,8.94409937888199
"Napa","Napa, CA",149,0.9955,35.3591,82,1.11801242236025
"Battle Creek","Battle Creek, MI",150,0.9586,47.9053,161.5,9.81366459627329
"Flagstaff","Flagstaff, AZ",151,0.9705,37.4126,130,6.52173913043478
"Pittsfield","Pittsfield, MA",152,0.9488,39.7351,176,9.68944099378882
"Salisbury","Salisbury, MD",153,0.9657,33.629,161,8.01242236024845
"Mount Vernon","Mount Vernon-Anacortes, WA",154,0.9851,30.0466,134.5,1.86335403726708
"Cleveland","Cleveland, TN",155,0.9654,36.7465,132.5,7.20496894409938
"Jackson","Jackson, TN",156,0.9726,40.5028,182.5,9.19254658385093
"Bay City","Bay City, MI",157,0.975,42.7692,146,8.38509316770186
"Sumter","Sumter, SC",158,0.9723,28.8612,166,5.46583850931677
"Cumberland","Cumberland, MD-WV",159,0.9354,37.6147,235,9.75155279503106
"Corvallis","Corvallis, OR",160,0.9839,41.2354,134,5.3416149068323
"Carson City","Carson City, NV",161,0.9821,36.8098,85,2.04968944099379
